ÈÈ±Ã±àºÅ,¹¤×÷×´Ì¬,½áÊøµç±íÊý(kWh),½áÊøÈÈ±íÊý(MJ),ÓÃµçÁ¿(kWh),ÖÆÈÈÁ¿(MJ),ÔËÐÐÊ±¼ä
HT100008,ÖÆÈÈ×´Ì¬,,,,,
HT100008,´ý»ú×´Ì¬,12845.86,120779.13,1.29,0.69,49983
HT100008,ÖÆÈÈ×´Ì¬,12844.57,120778.44,114.47,1361.49,48114
HT100008,³ýËª×´Ì¬,12730.1,119416.95,0.36,-2.4,369
HT100008,ÖÆÈÈ×´Ì¬,12729.74,119419.35,1.91,18.89,953
HT100008,´ý»ú×´Ì¬,12727.83,119400.46,1.63,0.99,65101
HT100008,ÖÆÈÈ×´Ì¬,12726.2,119399.47,8,87.61,3238
HT100008,³ýËª×´Ì¬,12718.2,119311.86,0.29,-3.65,344
HT100008,ÖÆÈÈ×´Ì¬,12717.91,119315.51,9.48,106.72,3870
HT100008,³ýËª×´Ì¬,12708.43,119208.79,0.31,-3.75,345
HT100008,ÖÆÈÈ×´Ì¬,12708.12,119212.54,10.55,118.66,4283
HT100008,³ýËª×´Ì¬,12697.57,119093.88,0.33,-5.04,364
HT100008,ÖÆÈÈ×´Ì¬,12697.24,119098.92,12.19,138.94,4891
HT100008,³ýËª×´Ì¬,12685.05,118959.98,0.3,-3.49,342
HT100008,ÖÆÈÈ×´Ì¬,12684.75,118963.47,10.02,113.95,4071
HT100008,³ýËª×´Ì¬,12674.73,118849.52,0.31,-4.04,343
HT100008,ÖÆÈÈ×´Ì¬,12674.42,118853.56,11.07,127.42,4525
HT100008,³ýËª×´Ì¬,12663.35,118726.14,0.28,-3.72,302
HT100008,ÖÆÈÈ×´Ì¬,12663.07,118729.86,13.68,154.99,5494
HT100008,´ý»ú×´Ì¬,12649.39,118574.87,1.65,0.75,65342
HT100008,ÖÆÈÈ×´Ì¬,12647.74,118574.12,101.63,1149.07,41994
HT100008,³ýËª×´Ì¬,12546.11,117425.05,0.32,-3.3,324
HT100008,ÖÆÈÈ×´Ì¬,12545.79,117428.35,14.37,149.66,5750
HT100008,³ýËª×´Ì¬,12531.42,117278.69,0.41,-3.49,428
HT100008,ÖÆÈÈ×´Ì¬,12531.01,117282.18,2.48,22.28,1091
HT100008,´ý»ú×´Ì¬,12528.53,117259.9,0.72,1.09,26344
HT100008,ÖÆÈÈ×´Ì¬,12527.81,117258.81,8.88,99.39,3595
HT100008,³ýËª×´Ì¬,12518.93,117159.42,0.32,-4.44,372
HT100008,ÖÆÈÈ×´Ì¬,12518.61,117163.86,9.16,102.65,3711
HT100008,³ýËª×´Ì¬,12509.45,117061.21,0.3,-3.57,355
HT100008,ÖÆÈÈ×´Ì¬,12509.15,117064.78,7.05,80.2,2851
HT100008,³ýËª×´Ì¬,12502.1,116984.58,0.32,-4.54,382
HT100008,ÖÆÈÈ×´Ì¬,12501.78,116989.12,8.67,97.84,3470
HT100008,³ýËª×´Ì¬,12493.11,116891.28,0.33,-3.87,362
HT100008,ÖÆÈÈ×´Ì¬,12492.78,116895.15,7.96,92.11,3255
HT100008,³ýËª×´Ì¬,12484.82,116803.04,0.32,-3.86,367
HT100008,ÖÆÈÈ×´Ì¬,12484.5,116806.9,7.11,80.68,2871
HT100008,³ýËª×´Ì¬,12477.39,116726.22,0.3,-3.52,345
HT100008,ÖÆÈÈ×´Ì¬,12477.09,116729.74,6.35,71.01,2510
HT100008,³ýËª×´Ì¬,12470.74,116658.73,0.3,-2.88,335
HT100008,ÖÆÈÈ×´Ì¬,12470.44,116661.61,6.48,71.06,2507
HT100008,³ýËª×´Ì¬,12463.96,116590.55,0.33,-3.63,350
HT100008,ÖÆÈÈ×´Ì¬,12463.63,116594.18,7.13,77.23,2750
HT100008,³ýËª×´Ì¬,12456.5,116516.95,0.3,-2.79,332
HT100008,ÖÆÈÈ×´Ì¬,12456.2,116519.74,6.54,70.65,2511
HT100008,³ýËª×´Ì¬,12449.66,116449.09,0.3,-3.56,337
HT100008,ÖÆÈÈ×´Ì¬,12449.36,116452.65,7.5,80.43,2866
HT100008,³ýËª×´Ì¬,12441.86,116372.22,0.3,-3.87,332
HT100008,ÖÆÈÈ×´Ì¬,12441.56,116376.09,7.39,79.37,2802
HT100008,³ýËª×´Ì¬,12434.17,116296.72,0.3,-3.46,340
HT100008,ÖÆÈÈ×´Ì¬,12433.87,116300.18,8.57,91.24,3227
HT100008,³ýËª×´Ì¬,12425.3,116208.94,0.31,-3.36,338
HT100008,ÖÆÈÈ×´Ì¬,12424.99,116212.3,8.47,90.62,3195
HT100008,³ýËª×´Ì¬,12416.52,116121.68,0.31,-4.12,330
HT100008,ÖÆÈÈ×´Ì¬,12416.21,116125.8,7.9,84.96,2964
HT100008,³ýËª×´Ì¬,12408.31,116040.84,0.35,-3.94,337
HT100008,ÖÆÈÈ×´Ì¬,12407.96,116044.78,7.64,82.67,2871
HT100008,³ýËª×´Ì¬,12400.32,115962.11,0.3,-3.4,345
HT100008,ÖÆÈÈ×´Ì¬,12400.02,115965.51,8.24,90.14,3096
HT100008,³ýËª×´Ì¬,12391.78,115875.37,0.35,-3.98,345
HT100008,ÖÆÈÈ×´Ì¬,12391.43,115879.35,8.39,92.2,3141
HT100008,³ýËª×´Ì¬,12383.04,115787.15,0.33,-3.98,341
HT100008,ÖÆÈÈ×´Ì¬,12382.71,115791.13,8.71,94.87,3230
HT100008,³ýËª×´Ì¬,12374,115696.26,0.31,-4.1,338
HT100008,ÖÆÈÈ×´Ì¬,12373.69,115700.36,9.71,105.43,3636
HT100008,³ýËª×´Ì¬,12363.98,115594.93,0.36,-3.38,344
HT100008,ÖÆÈÈ×´Ì¬,12363.62,115598.31,9.51,102.12,3590
HT100008,³ýËª×´Ì¬,12354.11,115496.19,0.36,-3.58,337
HT100008,ÖÆÈÈ×´Ì¬,12353.75,115499.77,8.02,86.93,3043
HT100008,³ýËª×´Ì¬,12345.73,115412.84,0.37,-4.38,345
HT100008,ÖÆÈÈ×´Ì¬,12345.36,115417.22,8.53,94.68,3250
HT100008,³ýËª×´Ì¬,12336.83,115322.54,0.4,-4.17,343
HT100008,ÖÆÈÈ×´Ì¬,12336.43,115326.71,8.41,99.58,3360
HT100008,³ýËª×´Ì¬,12328.02,115227.13,0.44,-2.57,464
HT100008,ÖÆÈÈ×´Ì¬,12327.58,115229.7,3.63,41.4,1594
HT100008,´ý»ú×´Ì¬,12323.95,115188.3,0.22,0.61,9524
HT100008,³ýËª×´Ì¬,12323.73,115187.69,0,0,10
HT100008,ÖÆÈÈ×´Ì¬,12323.73,115187.69,2.5,28.14,1091
HT100008,´ý»ú×´Ì¬,12321.23,115159.55,0.22,0.55,8340
HT100008,³ýËª×´Ì¬,12321.01,115159,0,0,10
HT100008,ÖÆÈÈ×´Ì¬,12321.01,115159,1.89,19.27,851
HT100008,´ý»ú×´Ì¬,12319.12,115139.73,0.62,0,25139
HT100008,³ýËª×´Ì¬,12318.5,115139.73,0.02,0.37,49
HT100008,ÖÆÈÈ×´Ì¬,12318.48,115139.36,12.59,146.36,5027
HT100008,³ýËª×´Ì¬,12305.89,114993,0.37,-4.33,363
HT100008,ÖÆÈÈ×´Ì¬,12305.52,114997.33,18.54,216.92,7252
HT100008,³ýËª×´Ì¬,12286.98,114780.41,0.33,-3.34,331
HT100008,ÖÆÈÈ×´Ì¬,12286.65,114783.75,9.31,107.63,3707
HT100008,³ýËª×´Ì¬,12277.34,114676.12,0.4,-5.56,363
HT100008,ÖÆÈÈ×´Ì¬,12276.94,114681.68,6.72,76.36,2728
HT100008,´ý»ú×´Ì¬,12270.22,114605.32,0.55,0.12,22681
HT100008,³ýËª×´Ì¬,12269.67,114605.2,0,0.83,10
HT100008,ÖÆÈÈ×´Ì¬,12269.67,114604.37,19.21,247.93,7670
HT100008,´ý»ú×´Ì¬,12250.46,114356.44,0.23,1.32,8465
HT100008,ÖÆÈÈ×´Ì¬,12250.23,114355.12,3.83,45.61,1555
HT100008,³ýËª×´Ì¬,12246.4,114309.51,0.24,-3.35,285
HT100008,ÖÆÈÈ×´Ì¬,12246.16,114312.86,8.96,108.22,3554
HT100008,³ýËª×´Ì¬,12237.2,114204.64,0.34,-4.32,382
HT100008,ÖÆÈÈ×´Ì¬,12236.86,114208.96,9.79,116.03,3951
HT100008,³ýËª×´Ì¬,12227.07,114092.93,0.33,-3.92,374
HT100008,ÖÆÈÈ×´Ì¬,12226.74,114096.85,9.04,102.86,3591
HT100008,³ýËª×´Ì¬,12217.7,113993.99,0.3,-4.41,341
HT100008,ÖÆÈÈ×´Ì¬,12217.4,113998.4,8.45,96.36,3422
HT100008,³ýËª×´Ì¬,12208.95,113902.04,0.35,-4.33,344
HT100008,ÖÆÈÈ×´Ì¬,12208.6,113906.37,8.51,95.46,3412
HT100008,³ýËª×´Ì¬,12200.09,113810.91,0.31,-3.74,344
HT100008,ÖÆÈÈ×´Ì¬,12199.78,113814.65,8.31,91.73,3304
HT100008,³ýËª×´Ì¬,12191.47,113722.92,0.45,-4.44,418
HT100008,ÖÆÈÈ×´Ì¬,12191.02,113727.36,3.39,35.11,1414
HT100008,´ý»ú×´Ì¬,12187.63,113692.25,1.05,0.84,39658
HT100008,ÖÆÈÈ×´Ì¬,12186.58,113691.41,15.24,178.33,5995
HT100008,³ýËª×´Ì¬,12171.34,113513.08,0.31,-3.45,309
HT100008,ÖÆÈÈ×´Ì¬,12171.03,113516.53,12.84,151.64,5063
HT100008,³ýËª×´Ì¬,12158.19,113364.89,0.23,-2.24,243
HT100008,ÖÆÈÈ×´Ì¬,12157.96,113367.13,6.37,75.27,2561
HT100008,³ýËª×´Ì¬,12151.59,113291.86,0.29,-3.61,315
HT100008,ÖÆÈÈ×´Ì¬,12151.3,113295.47,11.18,130.06,4429
HT100008,³ýËª×´Ì¬,12140.12,113165.41,0.29,-2.85,304
HT100008,ÖÆÈÈ×´Ì¬,12139.83,113168.26,10.05,118.03,4037
HT100008,³ýËª×´Ì¬,12129.78,113050.23,0.32,-4.52,331
HT100008,ÖÆÈÈ×´Ì¬,12129.46,113054.75,11.8,138.31,4766
HT100008,³ýËª×´Ì¬,12117.66,112916.44,0.47,-4.07,426
HT100008,ÖÆÈÈ×´Ì¬,12117.19,112920.51,2.71,28.54,1194
HT100008,´ý»ú×´Ì¬,12114.48,112891.97,1.17,0.94,44944
HT100008,ÖÆÈÈ×´Ì¬,12113.31,112891.03,14.65,168.29,5876
HT100008,³ýËª×´Ì¬,12098.66,112722.74,0.38,-5.02,380
HT100008,ÖÆÈÈ×´Ì¬,12098.28,112727.76,19.53,224.95,7729
HT100008,³ýËª×´Ì¬,12078.75,112502.81,0.32,-4.9,342
HT100008,ÖÆÈÈ×´Ì¬,12078.43,112507.71,19.18,230.91,7594
HT100008,³ýËª×´Ì¬,12059.25,112276.8,0.26,-2.98,266
HT100008,ÖÆÈÈ×´Ì¬,12058.99,112279.78,11.66,140.3,4630
HT100008,³ýËª×´Ì¬,12047.33,112139.48,0.23,-1.7,232
HT100008,ÖÆÈÈ×´Ì¬,12047.1,112141.18,6.31,76.37,2572
HT100008,³ýËª×´Ì¬,12040.79,112064.81,0.24,-2.64,236
HT100008,ÖÆÈÈ×´Ì¬,12040.55,112067.45,6.37,76.22,2568
HT100008,³ýËª×´Ì¬,12034.18,111991.23,0.22,-2.59,262
HT100008,ÖÆÈÈ×´Ì¬,12033.96,111993.82,6.35,73.83,2559
HT100008,³ýËª×´Ì¬,12027.61,111919.99,0.35,-2.62,321
HT100008,ÖÆÈÈ×´Ì¬,12027.26,111922.61,2.91,32.48,1251
HT100008,´ý»ú×´Ì¬,12024.35,111890.13,0.97,1,38103
HT100008,ÖÆÈÈ×´Ì¬,12023.38,111889.13,6.03,68.67,2395
HT100008,³ýËª×´Ì¬,12017.35,111820.46,0.34,-4.43,378
HT100008,ÖÆÈÈ×´Ì¬,12017.01,111824.89,12.74,145.13,5061
HT100008,³ýËª×´Ì¬,12004.27,111679.76,0.34,-4.87,376
HT100008,ÖÆÈÈ×´Ì¬,12003.93,111684.63,12.77,144.29,5060
HT100008,³ýËª×´Ì¬,11991.16,111540.34,0.36,-4.66,338
HT100008,ÖÆÈÈ×´Ì¬,11990.8,111545,11.93,137.08,4758
HT100008,³ýËª×´Ì¬,11978.87,111407.92,0.36,-4.27,376
HT100008,ÖÆÈÈ×´Ì¬,11978.51,111412.19,14.79,167.92,5834
HT100008,³ýËª×´Ì¬,11963.72,111244.27,0.36,-3.93,345
HT100008,ÖÆÈÈ×´Ì¬,11963.36,111248.2,14.12,164.83,5557
HT100008,³ýËª×´Ì¬,11949.24,111083.37,0.4,-2.69,419
HT100008,ÖÆÈÈ×´Ì¬,11948.84,111086.06,2.47,25.32,1091
HT100008,´ý»ú×´Ì¬,11946.37,111060.74,0.74,0.74,28744
HT100008,ÖÆÈÈ×´Ì¬,11945.63,111060,11.71,134.36,4675
HT100008,³ýËª×´Ì¬,11933.92,110925.64,0.4,-4.3,381
HT100008,ÖÆÈÈ×´Ì¬,11933.52,110929.94,13.73,155.99,5450
HT100008,³ýËª×´Ì¬,11919.79,110773.95,0.36,-4.76,374
HT100008,ÖÆÈÈ×´Ì¬,11919.43,110778.71,13.84,156.14,5466
HT100008,³ýËª×´Ì¬,11905.59,110622.57,0.33,-4.6,344
HT100008,ÖÆÈÈ×´Ì¬,11905.26,110627.17,13.48,156.14,5331
HT100008,³ýËª×´Ì¬,11891.78,110471.03,0.27,-3.46,285
HT100008,ÖÆÈÈ×´Ì¬,11891.51,110474.49,41.79,503.53,16575
HT100008,´ý»ú×´Ì¬,11849.72,109970.96,0.81,0.13,31258
HT100008,³ýËª×´Ì¬,11848.91,109970.83,0,0.82,10
HT100008,ÖÆÈÈ×´Ì¬,11848.91,109970.01,6.01,75.92,2609
HT100008,³ýËª×´Ì¬,11842.9,109894.09,0.09,-0.26,110
HT100008,ÖÆÈÈ×´Ì¬,11842.81,109894.35,5.91,74.45,2604
HT100008,³ýËª×´Ì¬,11836.9,109819.9,0.14,-0.33,145
HT100008,ÖÆÈÈ×´Ì¬,11836.76,109820.23,2.29,27.35,1091
HT100008,´ý»ú×´Ì¬,11834.47,109792.88,1.73,0.39,69176
HT100008,³ýËª×´Ì¬,11832.74,109792.49,0,0,10
HT100008,ÖÆÈÈ×´Ì¬,11832.74,109792.49,22.56,283.42,8755
HT100008,´ý»ú×´Ì¬,11810.18,109509.07,2.01,0,81536
HT100008,³ýËª×´Ì¬,11808.17,109509.07,0.02,0.55,50
HT100008,ÖÆÈÈ×´Ì¬,11808.15,109508.52,144.66,1717.65,57929
HT100008,´ý»ú×´Ì¬,11663.49,107790.87,3,0.36,122094
HT100008,³ýËª×´Ì¬,11660.49,107790.51,0,0,10
HT100008,ÖÆÈÈ×´Ì¬,11660.49,107790.51,6.03,77.44,2611
HT100008,³ýËª×´Ì¬,11654.46,107713.07,0.05,-0.69,98
HT100008,ÖÆÈÈ×´Ì¬,11654.41,107713.76,8.89,116.4,3861
HT100008,´ý»ú×´Ì¬,11645.52,107597.36,5.68,0.52,230092
HT100008,ÖÆÈÈ×´Ì¬,11639.84,107596.84,22.4,274.73,9355
HT100008,³ýËª×´Ì¬,11617.44,107322.11,0.05,0.05,102
HT100008,ÖÆÈÈ×´Ì¬,11617.39,107322.06,6.09,71.33,2535
HT100008,³ýËª×´Ì¬,11611.3,107250.73,0.05,-0.56,100
HT100008,ÖÆÈÈ×´Ì¬,11611.25,107251.29,5.6,71.88,2535
HT100008,³ýËª×´Ì¬,11605.65,107179.41,0.06,-0.55,101
HT100008,ÖÆÈÈ×´Ì¬,11605.59,107179.96,6.76,82.56,2905
HT100008,³ýËª×´Ì¬,11598.83,107097.4,0.09,-0.66,100
HT100008,ÖÆÈÈ×´Ì¬,11598.74,107098.06,43.41,538.28,18530
HT100008,´ý»ú×´Ì¬,11555.33,106559.78,2.05,0.49,81661
HT100008,ÖÆÈÈ×´Ì¬,11553.28,106559.29,84.65,955.58,36354
HT100008,³ýËª×´Ì¬,11468.63,105603.71,0.05,-0.94,113
HT100008,ÖÆÈÈ×´Ì¬,11468.58,105604.65,34.98,370,14422
HT100008,³ýËª×´Ì¬,11433.6,105234.65,0.09,-0.36,115
HT100008,ÖÆÈÈ×´Ì¬,11433.51,105235.01,6.2,60.85,2552
HT100008,³ýËª×´Ì¬,11427.31,105174.16,0.05,-0.21,114
HT100008,ÖÆÈÈ×´Ì¬,11427.26,105174.37,7.76,78.83,3277
HT100008,³ýËª×´Ì¬,11419.5,105095.54,0.1,-0.37,115
HT100008,ÖÆÈÈ×´Ì¬,11419.4,105095.91,40.51,450.68,17567
HT100008,³ýËª×´Ì¬,11378.89,104645.23,0.1,-1.28,121
HT100008,ÖÆÈÈ×´Ì¬,11378.79,104646.51,5.83,61.59,2608
HT100008,³ýËª×´Ì¬,11372.96,104584.92,0.08,-0.76,127
HT100008,ÖÆÈÈ×´Ì¬,11372.88,104585.68,5.78,59.61,2613
HT100008,³ýËª×´Ì¬,11367.1,104526.07,0.1,-0.41,123
HT100008,ÖÆÈÈ×´Ì¬,11367,104526.48,5.89,58.72,2557
HT100008,³ýËª×´Ì¬,11361.11,104467.76,0.1,-1.02,128
HT100008,ÖÆÈÈ×´Ì¬,11361.01,104468.78,5.95,58.18,2565
HT100008,³ýËª×´Ì¬,11355.06,104410.6,0.13,-0.83,133
HT100008,ÖÆÈÈ×´Ì¬,11354.93,104411.43,5.98,57.58,2571
HT100008,³ýËª×´Ì¬,11348.95,104353.85,0.08,-1.13,135
HT100008,ÖÆÈÈ×´Ì¬,11348.87,104354.98,5.92,56.86,2574
HT100008,³ýËª×´Ì¬,11342.95,104298.12,0.13,-1.03,138
HT100008,ÖÆÈÈ×´Ì¬,11342.82,104299.15,2.38,21.54,1091
HT100008,´ý»ú×´Ì¬,11340.44,104277.61,1.35,0.38,52622
HT100008,ÖÆÈÈ×´Ì¬,11339.09,104277.23,1.8,16.71,835
HT100008,³ýËª×´Ì¬,11337.29,104260.52,0.12,-1.5,147
HT100008,ÖÆÈÈ×´Ì¬,11337.17,104262.02,5.98,59.31,2561
HT100008,³ýËª×´Ì¬,11331.19,104202.71,0.12,-1.96,149
HT100008,ÖÆÈÈ×´Ì¬,11331.07,104204.67,5.9,59.54,2558
HT100008,³ýËª×´Ì¬,11325.17,104145.13,0.13,-1.04,152
HT100008,ÖÆÈÈ×´Ì¬,11325.04,104146.17,5.64,59.13,2560
HT100008,³ýËª×´Ì¬,11319.4,104087.04,0.13,-1.55,153
HT100008,ÖÆÈÈ×´Ì¬,11319.27,104088.59,5.71,58.65,2557
HT100008,³ýËª×´Ì¬,11313.56,104029.94,0.12,-0.78,158
HT100008,ÖÆÈÈ×´Ì¬,11313.44,104030.72,5.75,59.4,2535
HT100008,³ýËª×´Ì¬,11307.69,103971.32,0.2,-2.13,200
HT100008,ÖÆÈÈ×´Ì¬,11307.49,103973.45,6.08,59.53,2562
HT100008,³ýËª×´Ì¬,11301.41,103913.92,0.2,-1.97,194
HT100008,ÖÆÈÈ×´Ì¬,11301.21,103915.89,6.08,58.74,2565
HT100008,³ýËª×´Ì¬,11295.13,103857.15,0.14,-2.26,199
HT100008,ÖÆÈÈ×´Ì¬,11294.99,103859.41,6.02,57.85,2566
HT100008,³ýËª×´Ì¬,11288.97,103801.56,0.21,-2.32,249
HT100008,ÖÆÈÈ×´Ì¬,11288.76,103803.88,5.99,57.56,2575
HT100008,³ýËª×´Ì¬,11282.77,103746.32,0.24,-2.71,272
HT100008,ÖÆÈÈ×´Ì¬,11282.53,103749.03,6.07,57.48,2576
HT100008,³ýËª×´Ì¬,11276.46,103691.55,0.27,-3.19,302
HT100008,ÖÆÈÈ×´Ì¬,11276.19,103694.74,6.06,57.29,2583
HT100008,³ýËª×´Ì¬,11270.13,103637.45,0.32,-2.79,321
HT100008,ÖÆÈÈ×´Ì¬,11269.81,103640.24,5.89,55.22,2510
HT100008,³ýËª×´Ì¬,11263.92,103585.02,0.24,-3.53,297
HT100008,ÖÆÈÈ×´Ì¬,11263.68,103588.55,5.93,56.22,2529
HT100008,³ýËª×´Ì¬,11257.75,103532.33,0.26,-3.8,296
HT100008,ÖÆÈÈ×´Ì¬,11257.49,103536.13,5.93,56.07,2530
HT100008,³ýËª×´Ì¬,11251.56,103480.06,0.28,-2.59,306
HT100008,ÖÆÈÈ×´Ì¬,11251.28,103482.65,5.94,54.85,2510
HT100008,³ýËª×´Ì¬,11245.34,103427.8,0.28,-2.37,302
HT100008,ÖÆÈÈ×´Ì¬,11245.06,103430.17,5.96,55.17,2510
HT100008,³ýËª×´Ì¬,11239.1,103375,0.28,-3.27,305
HT100008,ÖÆÈÈ×´Ì¬,11238.82,103378.27,5.92,55.63,2510
HT100008,³ýËª×´Ì¬,11232.9,103322.64,0.24,-3.14,272
HT100008,ÖÆÈÈ×´Ì¬,11232.66,103325.78,5.95,56.26,2543
HT100008,³ýËª×´Ì¬,11226.71,103269.52,0.23,-2.94,285
HT100008,ÖÆÈÈ×´Ì¬,11226.48,103272.46,5.95,56.06,2510
HT100008,³ýËª×´Ì¬,11220.53,103216.4,0.32,-3.19,309
HT100008,ÖÆÈÈ×´Ì¬,11220.21,103219.59,5.93,55.94,2510
HT100008,³ýËª×´Ì¬,11214.28,103163.65,0.28,-3.44,304
HT100008,ÖÆÈÈ×´Ì¬,11214,103167.09,5.98,56.6,2526
HT100008,³ýËª×´Ì¬,11208.02,103110.49,0.32,-3.36,307
HT100008,ÖÆÈÈ×´Ì¬,11207.7,103113.85,6.04,56.64,2530
HT100008,³ýËª×´Ì¬,11201.66,103057.21,0.34,-3.18,312
HT100008,ÖÆÈÈ×´Ì¬,11201.32,103060.39,5.94,57.39,2511
HT100008,³ýËª×´Ì¬,11195.38,103003,0.25,-3.48,299
HT100008,ÖÆÈÈ×´Ì¬,11195.13,103006.48,6.06,59.26,2527
HT100008,³ýËª×´Ì¬,11189.07,102947.22,0.3,-3.54,307
HT100008,ÖÆÈÈ×´Ì¬,11188.77,102950.76,6.19,58.41,2527
HT100008,³ýËª×´Ì¬,11182.58,102892.35,0.28,-3.22,313
HT100008,ÖÆÈÈ×´Ì¬,11182.3,102895.57,6.1,58.62,2510
HT100008,³ýËª×´Ì¬,11176.2,102836.95,0.28,-2.89,300
HT100008,ÖÆÈÈ×´Ì¬,11175.92,102839.84,6.03,58.98,2510
HT100008,³ýËª×´Ì¬,11169.89,102780.86,0.35,-3.02,314
HT100008,ÖÆÈÈ×´Ì¬,11169.54,102783.88,5.93,58.49,2511
HT100008,³ýËª×´Ì¬,11163.61,102725.39,0.3,-2.75,304
HT100008,ÖÆÈÈ×´Ì¬,11163.31,102728.14,5.93,58.95,2510
HT100008,³ýËª×´Ì¬,11157.38,102669.19,0.29,-2.42,301
HT100008,ÖÆÈÈ×´Ì¬,11157.09,102671.61,6.02,59.64,2511
HT100008,³ýËª×´Ì¬,11151.07,102611.97,0.23,-3.39,295
HT100008,ÖÆÈÈ×´Ì¬,11150.84,102615.36,6.07,59.54,2510
HT100008,³ýËª×´Ì¬,11144.77,102555.82,0.3,-3.12,310
HT100008,ÖÆÈÈ×´Ì¬,11144.47,102558.94,5.99,59.96,2503
HT100008,³ýËª×´Ì¬,11138.48,102498.98,0.24,-3.29,293
HT100008,ÖÆÈÈ×´Ì¬,11138.24,102502.27,6.02,61.39,2510
HT100008,³ýËª×´Ì¬,11132.22,102440.88,0.28,-3.83,309
HT100008,ÖÆÈÈ×´Ì¬,11131.94,102444.71,7.69,79.2,3167
HT100008,³ýËª×´Ì¬,11124.25,102365.51,0.34,-4.52,366
HT100008,ÖÆÈÈ×´Ì¬,11123.91,102370.03,10.26,103.4,4151
HT100008,³ýËª×´Ì¬,11113.65,102266.63,0.34,-3.61,365
HT100008,ÖÆÈÈ×´Ì¬,11113.31,102270.24,6.86,66.26,2862
HT100008,´ý»ú×´Ì¬,11106.45,102203.98,0.2,0.43,6184
HT100008,ÖÆÈÈ×´Ì¬,11106.25,102203.55,4.26,44.69,1798
HT100008,³ýËª×´Ì¬,11101.99,102158.86,0.32,-4.23,359
HT100008,ÖÆÈÈ×´Ì¬,11101.67,102163.09,8.42,87.46,3471
HT100008,³ýËª×´Ì¬,11093.25,102075.63,0.37,-4.53,375
HT100008,ÖÆÈÈ×´Ì¬,11092.88,102080.16,10.35,108.37,4227
HT100008,³ýËª×´Ì¬,11082.53,101971.79,0.36,-4.81,397
HT100008,ÖÆÈÈ×´Ì¬,11082.17,101976.6,10.65,112.05,4346
HT100008,³ýËª×´Ì¬,11071.52,101864.55,0.39,-5.48,413
HT100008,ÖÆÈÈ×´Ì¬,11071.13,101870.03,12.44,131.9,5018
HT100008,³ýËª×´Ì¬,11058.69,101738.13,0.37,-4.72,411
HT100008,ÖÆÈÈ×´Ì¬,11058.32,101742.85,10.63,114.89,4246
HT100008,³ýËª×´Ì¬,11047.69,101627.96,0.37,-4.27,390
HT100008,ÖÆÈÈ×´Ì¬,11047.32,101632.23,10.34,111.74,4106
HT100008,³ýËª×´Ì¬,11036.98,101520.49,0.38,-4.06,390
HT100008,ÖÆÈÈ×´Ì¬,11036.6,101524.55,8.94,98,3567
HT100008,³ýËª×´Ì¬,11027.66,101426.55,0.37,-4.06,405
HT100008,ÖÆÈÈ×´Ì¬,11027.29,101430.61,8.43,92.93,3350
HT100008,³ýËª×´Ì¬,11018.86,101337.68,0.33,-4.28,377
HT100008,ÖÆÈÈ×´Ì¬,11018.53,101341.96,7.4,83.96,2953
HT100008,³ýËª×´Ì¬,11011.13,101258,0.33,-3.89,371
HT100008,ÖÆÈÈ×´Ì¬,11010.8,101261.89,6.81,77.65,2710
HT100008,³ýËª×´Ì¬,11003.99,101184.24,0.3,-3.41,342
HT100008,ÖÆÈÈ×´Ì¬,11003.69,101187.65,6.28,72.11,2510
HT100008,³ýËª×´Ì¬,10997.41,101115.54,0.42,-3.23,394
HT100008,ÖÆÈÈ×´Ì¬,10996.99,101118.77,3.26,36.42,1342
HT100008,´ý»ú×´Ì¬,10993.73,101082.35,0.37,0.1,16964
HT100008,³ýËª×´Ì¬,10993.36,101082.25,0,0.78,10
HT100008,ÖÆÈÈ×´Ì¬,10993.36,101081.47,6.61,82.14,2615
HT100008,³ýËª×´Ì¬,10986.75,100999.33,0.31,-3.74,330
HT100008,ÖÆÈÈ×´Ì¬,10986.44,101003.07,7.93,98.79,3103
HT100008,³ýËª×´Ì¬,10978.51,100904.28,0.33,-3.67,283
HT100008,ÖÆÈÈ×´Ì¬,10978.18,100907.95,4.44,53.85,1790
HT100008,´ý»ú×´Ì¬,10973.74,100854.1,0.2,0.76,7382
HT100008,³ýËª×´Ì¬,10973.54,100853.34,0,0,5
HT100008,ÖÆÈÈ×´Ì¬,10973.54,100853.34,6.99,86.21,2751
HT100008,³ýËª×´Ì¬,10966.55,100767.13,0.29,-3.81,307
HT100008,ÖÆÈÈ×´Ì¬,10966.26,100770.94,6.52,80.85,2590
HT100008,³ýËª×´Ì¬,10959.74,100690.09,0.3,-4.09,310
HT100008,ÖÆÈÈ×´Ì¬,10959.44,100694.18,6.48,80.07,2594
HT100008,³ýËª×´Ì¬,10952.96,100614.11,0.29,-3.73,309
HT100008,ÖÆÈÈ×´Ì¬,10952.67,100617.84,6.53,77.5,2583
HT100008,³ýËª×´Ì¬,10946.14,100540.34,0.26,-2.95,296
HT100008,ÖÆÈÈ×´Ì¬,10945.88,100543.29,6.41,75.26,2527
HT100008,³ýËª×´Ì¬,10939.47,100468.03,0.29,-3.58,304
HT100008,ÖÆÈÈ×´Ì¬,10939.18,100471.61,6.63,79.65,2631
HT100008,³ýËª×´Ì¬,10932.55,100391.96,0.3,-3.19,304
HT100008,ÖÆÈÈ×´Ì¬,10932.25,100395.15,7.11,85.5,2799
HT100008,³ýËª×´Ì¬,10925.14,100309.65,0.23,-2.92,259
HT100008,ÖÆÈÈ×´Ì¬,10924.91,100312.57,7.53,90.4,2955
HT100008,´ý»ú×´Ì¬,10917.38,100222.17,1.57,0.55,64417
HT100008,ÖÆÈÈ×´Ì¬,10915.81,100221.62,8.6,106.21,3241
HT100008,´ý»ú×´Ì¬,10907.21,100115.41,1.77,1.2,83656
HT100008,ÖÆÈÈ×´Ì¬,10905.44,100114.21,29.28,412.76,12120
HT100008,´ý»ú×´Ì¬,10876.16,99701.45,1.74,0,83884
HT100008,ÀëÏß×´Ì¬,10874.42,99701.45,0.01,0,173
HT100008,´ý»ú×´Ì¬,10874.41,99701.45,0.1,0.07,3586
HT100008,³ýËª×´Ì¬,10874.31,99701.38,0,0.74,10
HT100008,ÖÆÈÈ×´Ì¬,10874.31,99700.64,8.73,118.06,3710
HT100008,´ý»ú×´Ì¬,10865.58,99582.58,1.52,0.21,70139
HT100008,³ýËª×´Ì¬,10864.06,99582.37,0,0,10
HT100008,ÖÆÈÈ×´Ì¬,10864.06,99582.37,6.36,83.22,2739
HT100008,³ýËª×´Ì¬,10857.7,99499.15,0.05,0.38,94
HT100008,ÖÆÈÈ×´Ì¬,10857.65,99498.77,2.41,30.09,1090
HT100008,´ý»ú×´Ì¬,10855.24,99468.68,4.02,0.66,161576
HT100008,ÖÆÈÈ×´Ì¬,10851.22,99468.02,216.57,2521.35,87714
HT100008,³ýËª×´Ì¬,10634.65,96946.67,0.27,-1.64,263
HT100008,ÖÆÈÈ×´Ì¬,10634.38,96948.31,2.54,28.91,1091
HT100008,´ý»ú×´Ì¬,10631.84,96919.4,0.22,0.71,9649
HT100008,³ýËª×´Ì¬,10631.62,96918.69,0.03,0,10
HT100008,ÖÆÈÈ×´Ì¬,10631.59,96918.69,12.67,159.29,4910
HT100008,³ýËª×´Ì¬,10618.92,96759.4,0.3,-2.95,299
HT100008,ÖÆÈÈ×´Ì¬,10618.62,96762.35,6.72,85.92,2691
HT100008,´ý»ú×´Ì¬,10611.9,96676.43,0.21,-0.64,8100
HT100008,³ýËª×´Ì¬,10611.69,96677.07,0.22,-1.66,235
HT100008,ÖÆÈÈ×´Ì¬,10611.47,96678.73,7.66,97.26,3047
HT100008,´ý»ú×´Ì¬,10603.81,96581.47,0.18,0.35,7605
HT100008,³ýËª×´Ì¬,10603.63,96581.12,0,0,10
HT100008,ÖÆÈÈ×´Ì¬,10603.63,96581.12,8.88,116.27,3516
HT100008,´ý»ú×´Ì¬,10594.75,96464.85,0.23,0.31,10124
HT100008,³ýËª×´Ì¬,10594.52,96464.54,0,0,10
HT100008,ÖÆÈÈ×´Ì¬,10594.52,96464.54,13.18,172.77,5137
HT100008,´ý»ú×´Ì¬,10581.34,96291.77,0.32,0.64,14084
HT100008,³ýËª×´Ì¬,10581.02,96291.13,0,0,10
HT100008,ÖÆÈÈ×´Ì¬,10581.02,96291.13,53.49,750.1,21586
HT100008,´ý»ú×´Ì¬,10527.53,95541.03,0.41,0.22,18529
HT100008,³ýËª×´Ì¬,10527.12,95540.81,0,0.91,9
HT100008,ÖÆÈÈ×´Ì¬,10527.12,95539.9,27.5,348.81,10675
HT100008,´ý»ú×´Ì¬,10499.62,95191.09,0.28,0.24,12045
HT100008,³ýËª×´Ì¬,10499.34,95190.85,0,0,10
HT100008,ÖÆÈÈ×´Ì¬,10499.34,95190.85,12.44,159.96,4885
HT100008,³ýËª×´Ì¬,10486.9,95030.89,0.33,-4.58,314
HT100008,ÖÆÈÈ×´Ì¬,10486.57,95035.47,6.97,88.85,2841
HT100008,´ý»ú×´Ì¬,10479.6,94946.62,0.2,0,8405
HT100008,³ýËª×´Ì¬,10479.4,94946.62,0.01,0.33,49
HT100008,ÖÆÈÈ×´Ì¬,10479.39,94946.29,10.68,133.34,4177
HT100008,´ý»ú×´Ì¬,10468.71,94812.95,0.33,0.74,12665
HT100008,ÖÆÈÈ×´Ì¬,10468.38,94812.21,14.89,190.11,5635
HT100008,³ýËª×´Ì¬,10453.49,94622.1,0.32,-3.72,298
HT100008,ÖÆÈÈ×´Ì¬,10453.17,94625.82,9.33,117.8,3622
HT100008,³ýËª×´Ì¬,10443.84,94508.02,0.3,-2.98,299
HT100008,ÖÆÈÈ×´Ì¬,10443.54,94511,8.72,108.84,3405
HT100008,³ýËª×´Ì¬,10434.82,94402.16,0.26,-3.55,290
HT100008,ÖÆÈÈ×´Ì¬,10434.56,94405.71,7.4,93.4,2947
HT100008,³ýËª×´Ì¬,10427.16,94312.31,0.29,-4.28,311
HT100008,ÖÆÈÈ×´Ì¬,10426.87,94316.59,7.9,97.48,3130
HT100008,³ýËª×´Ì¬,10418.97,94219.11,0.33,-3.76,332
HT100008,ÖÆÈÈ×´Ì¬,10418.64,94222.87,9.41,113.44,3679
HT100008,³ýËª×´Ì¬,10409.23,94109.43,0.33,-3.72,321
HT100008,ÖÆÈÈ×´Ì¬,10408.9,94113.15,9.08,110.78,3538
HT100008,³ýËª×´Ì¬,10399.82,94002.37,0.33,-3.71,345
HT100008,ÖÆÈÈ×´Ì¬,10399.49,94006.08,9.89,120.78,3830
HT100008,³ýËª×´Ì¬,10389.6,93885.3,0.35,-4.27,318
HT100008,ÖÆÈÈ×´Ì¬,10389.25,93889.57,9.56,118.34,3739
HT100008,³ýËª×´Ì¬,10379.69,93771.23,0.25,-2.53,250
HT100008,ÖÆÈÈ×´Ì¬,10379.44,93773.76,11.02,136.97,4302
HT100008,´ý»ú×´Ì¬,10368.42,93636.79,1.27,0,50453
HT100008,³ýËª×´Ì¬,10367.15,93636.79,0.01,0.38,49
HT100008,ÖÆÈÈ×´Ì¬,10367.14,93636.41,220.71,2633.41,92926
HT100008,³ýËª×´Ì¬,10146.43,91003,0.16,-0.9,164
HT100008,ÖÆÈÈ×´Ì¬,10146.27,91003.9,9.2,104.03,3859
HT100008,´ý»ú×´Ì¬,10137.07,90899.87,0.83,1.38,33320
HT100008,ÖÆÈÈ×´Ì¬,10136.24,90898.49,4.63,56.5,1795
HT100008,³ýËª×´Ì¬,10131.61,90841.99,0.33,-4.47,297
HT100008,ÖÆÈÈ×´Ì¬,10131.28,90846.46,5.94,74.42,2373
HT100008,´ý»ú×´Ì¬,10125.34,90772.04,0.19,0,7980
HT100008,³ýËª×´Ì¬,10125.15,90772.04,0.01,0.33,54
HT100008,ÖÆÈÈ×´Ì¬,10125.14,90771.71,5.34,68.46,2194
HT100008,´ý»ú×´Ì¬,10119.8,90703.25,0.24,1.32,9785
HT100008,ÖÆÈÈ×´Ì¬,10119.56,90701.93,9.48,121.58,3715
HT100008,³ýËª×´Ì¬,10110.08,90580.35,0.34,-4.36,289
HT100008,ÖÆÈÈ×´Ì¬,10109.74,90584.71,7.57,99.32,3070
HT100008,´ý»ú×´Ì¬,10102.17,90485.39,0.19,0.12,7965
HT100008,³ýËª×´Ì¬,10101.98,90485.27,0,0.83,9
HT100008,ÖÆÈÈ×´Ì¬,10101.98,90484.44,10.85,142.73,4283
HT100008,´ý»ú×´Ì¬,10091.13,90341.71,0.19,0.54,8084
HT100008,³ýËª×´Ì¬,10090.94,90341.17,0,0,10
HT100008,ÖÆÈÈ×´Ì¬,10090.94,90341.17,12.43,165.47,4933
HT100008,´ý»ú×´Ì¬,10078.51,90175.7,0.29,-0.44,11580
HT100008,³ýËª×´Ì¬,10078.22,90176.14,0.11,-0.06,175
HT100008,ÖÆÈÈ×´Ì¬,10078.11,90176.2,8.12,99.45,3165
HT100008,³ýËª×´Ì¬,10069.99,90076.75,0.29,-3.92,280
HT100008,ÖÆÈÈ×´Ì¬,10069.7,90080.67,9.41,118.32,3671
HT100008,´ý»ú×´Ì¬,10060.29,89962.35,0.73,0.28,33524
HT100008,³ýËª×´Ì¬,10059.56,89962.07,0,0,10
HT100008,ÖÆÈÈ×´Ì¬,10059.56,89962.07,18.97,247.13,7349
HT100008,´ý»ú×´Ì¬,10040.59,89714.94,0.98,0.1,46837
HT100008,³ýËª×´Ì¬,10039.61,89714.84,0,0.78,10
HT100008,ÖÆÈÈ×´Ì¬,10039.61,89714.06,12.8,160.53,4977
HT100008,³ýËª×´Ì¬,10026.81,89553.53,0.37,-3.11,344
HT100008,ÖÆÈÈ×´Ì¬,10026.44,89556.64,2.74,33.05,1150
HT100008,´ý»ú×´Ì¬,10023.7,89523.59,0.23,0.46,10005
HT100008,³ýËª×´Ì¬,10023.47,89523.13,0,0,9
HT100008,ÖÆÈÈ×´Ì¬,10023.47,89523.13,10.69,132.73,4113
HT100008,³ýËª×´Ì¬,10012.78,89390.4,0.35,-4.49,326
HT100008,ÖÆÈÈ×´Ì¬,10012.43,89394.89,7.81,98.43,3078
HT100008,³ýËª×´Ì¬,10004.62,89296.46,0.32,-4.02,320
HT100008,ÖÆÈÈ×´Ì¬,10004.3,89300.48,8.09,100.96,3139
HT100008,³ýËª×´Ì¬,9996.21,89199.52,0.34,-3.8,321
HT100008,ÖÆÈÈ×´Ì¬,9995.87,89203.32,8.77,106.25,3343
HT100008,³ýËª×´Ì¬,9987.1,89097.07,0.29,-3.99,288
HT100008,ÖÆÈÈ×´Ì¬,9986.81,89101.06,6.6,81.75,2629
HT100008,´ý»ú×´Ì¬,9980.21,89019.31,0.21,0.38,9044
HT100008,³ýËª×´Ì¬,9980,89018.93,0.03,0,10
HT100008,ÖÆÈÈ×´Ì¬,9979.97,89018.93,16.41,214.76,6343
HT100008,³ýËª×´Ì¬,9963.56,88804.17,0.38,-3.95,314
HT100008,ÖÆÈÈ×´Ì¬,9963.18,88808.12,16.03,212.79,6312
HT100008,´ý»ú×´Ì¬,9947.15,88595.33,0.3,0.09,13844
HT100008,³ýËª×´Ì¬,9946.85,88595.24,0.02,0.76,10
HT100008,ÖÆÈÈ×´Ì¬,9946.83,88594.48,9.86,124.37,3864
HT100008,´ý»ú×´Ì¬,9936.97,88470.11,0.29,0.52,12404
HT100008,³ýËª×´Ì¬,9936.68,88469.59,0,0,10
HT100008,ÖÆÈÈ×´Ì¬,9936.68,88469.59,15.32,196.67,5933
HT100008,´ý»ú×´Ì¬,9921.36,88272.92,2.85,0.94,135302
HT100008,ÖÆÈÈ×´Ì¬,9918.51,88271.98,7.78,101.78,3235
HT100008,³ýËª×´Ì¬,9910.73,88170.2,0.12,0.01,105
HT100008,ÖÆÈÈ×´Ì¬,9910.61,88170.19,14.4,191.19,5990
HT100008,³ýËª×´Ì¬,9896.21,87979,0.05,-0.23,94
HT100008,ÖÆÈÈ×´Ì¬,9896.16,87979.23,76.81,954.55,30266
HT100008,´ý»ú×´Ì¬,9819.35,87024.68,1.09,0.54,45490
HT100008,ÖÆÈÈ×´Ì¬,9818.26,87024.14,10.11,134.69,4195
HT100008,³ýËª×´Ì¬,9808.15,86889.45,0.05,-0.51,94
HT100008,ÖÆÈÈ×´Ì¬,9808.1,86889.96,63.35,843.95,24444
HT100008,´ý»ú×´Ì¬,9744.75,86046.01,3.01,0.49,141950
HT100008,ÖÆÈÈ×´Ì¬,9741.74,86045.52,81.37,1144.01,33480
HT100008,´ý»ú×´Ì¬,9660.37,84901.51,2.7,0.15,128922
HT100008,³ýËª×´Ì¬,9657.67,84901.36,0,0.85,9
HT100008,ÖÆÈÈ×´Ì¬,9657.67,84900.51,33.78,456.54,13928
HT100008,³ýËª×´Ì¬,9623.89,84443.97,0.06,0,93
HT100008,ÖÆÈÈ×´Ì¬,9623.83,84443.97,6.54,83.85,2740
HT100008,³ýËª×´Ì¬,9617.29,84360.12,0.05,-0.56,94
HT100008,ÖÆÈÈ×´Ì¬,9617.24,84360.68,8.48,110.22,3623
HT100008,´ý»ú×´Ì¬,9608.76,84250.46,1.82,0.9,73141
HT100008,ÖÆÈÈ×´Ì¬,9606.94,84249.56,141.8,1736.33,59879
HT100008,´ý»ú×´Ì¬,9465.14,82513.23,1.99,0.84,76621
HT100008,ÖÆÈÈ×´Ì¬,9463.15,82512.39,6.08,69.29,2396
HT100008,³ýËª×´Ì¬,9457.07,82443.1,0.35,-4.25,382
HT100008,ÖÆÈÈ×´Ì¬,9456.72,82447.35,7.15,81.84,2811
HT100008,³ýËª×´Ì¬,9449.57,82365.51,0.41,-4.1,407
HT100008,ÖÆÈÈ×´Ì¬,9449.16,82369.61,7.45,87.05,2968
HT100008,³ýËª×´Ì¬,9441.71,82282.56,0.45,-4.41,390
HT100008,ÖÆÈÈ×´Ì¬,9441.26,82286.97,6.91,85.82,2779
HT100008,´ý»ú×´Ì¬,9434.35,82201.15,0.26,0.08,10729
HT100008,³ýËª×´Ì¬,9434.09,82201.07,0,0.73,10
HT100008,ÖÆÈÈ×´Ì¬,9434.09,82200.34,11.14,143.01,4257
HT100008,³ýËª×´Ì¬,9422.95,82057.33,0.4,-3.99,348
HT100008,ÖÆÈÈ×´Ì¬,9422.55,82061.32,32.35,445.77,12407
HT100008,´ý»ú×´Ì¬,9390.2,81615.55,0.3,0.12,13893
HT100008,³ýËª×´Ì¬,9389.9,81615.43,0.04,0.82,9
HT100008,ÖÆÈÈ×´Ì¬,9389.86,81614.61,6.45,81.13,2570
HT100008,´ý»ú×´Ì¬,9383.41,81533.48,0.21,0.1,8688
HT100008,³ýËª×´Ì¬,9383.2,81533.38,0,0.79,10
HT100008,ÖÆÈÈ×´Ì¬,9383.2,81532.59,6.05,76.91,2420
HT100008,´ý»ú×´Ì¬,9377.15,81455.68,0.29,0.26,12168
HT100008,³ýËª×´Ì¬,9376.86,81455.42,0,0,10
HT100008,ÖÆÈÈ×´Ì¬,9376.86,81455.42,11.55,152.21,4468
HT100008,´ý»ú×´Ì¬,9365.31,81303.21,0.26,0.16,11328
HT100008,³ýËª×´Ì¬,9365.05,81303.05,0,0.88,10
HT100008,ÖÆÈÈ×´Ì¬,9365.05,81302.17,8.9,115.48,3533
HT100008,´ý»ú×´Ì¬,9356.15,81186.69,0.21,0.65,9408
HT100008,³ýËª×´Ì¬,9355.94,81186.04,0.04,0,10
HT100008,ÖÆÈÈ×´Ì¬,9355.9,81186.04,12.76,169.37,4994
HT100008,´ý»ú×´Ì¬,9343.14,81016.67,0.31,0.54,13985
HT100008,ÖÆÈÈ×´Ì¬,9342.83,81016.13,12.49,167.64,4795
HT100008,³ýËª×´Ì¬,9330.34,80848.49,0.38,-4.13,344
HT100008,ÖÆÈÈ×´Ì¬,9329.96,80852.62,10.6,142.31,4228
HT100008,³ýËª×´Ì¬,9319.36,80710.31,0.36,-3.16,330
HT100008,ÖÆÈÈ×´Ì¬,9319,80713.47,8.45,112.26,3391
HT100008,³ýËª×´Ì¬,9310.55,80601.21,0.38,-3.78,319
HT100008,ÖÆÈÈ×´Ì¬,9310.17,80604.99,8.84,115.81,3541
HT100008,´ý»ú×´Ì¬,9301.33,80489.18,0.21,0.8,9408
HT100008,³ýËª×´Ì¬,9301.12,80488.38,0.05,0,10
HT100008,ÖÆÈÈ×´Ì¬,9301.07,80488.38,9.75,124.86,3826
HT100008,´ý»ú×´Ì¬,9291.32,80363.52,0.27,0.32,11568
HT100008,³ýËª×´Ì¬,9291.05,80363.2,0,0,10
HT100008,ÖÆÈÈ×´Ì¬,9291.05,80363.2,21.18,275.76,8126
HT100008,´ý»ú×´Ì¬,9269.87,80087.44,0.94,0.6,52384
HT100008,ÖÆÈÈ×´Ì¬,9268.93,80086.84,145.21,2036.9,58919
HT100008,´ý»ú×´Ì¬,9123.72,78049.94,3.03,0.91,164007
HT100008,ÖÆÈÈ×´Ì¬,9120.69,78049.03,219.25,3035.33,90238
HT100008,´ý»ú×´Ì¬,8901.44,75013.7,0.53,0.14,21594
HT100008,³ýËª×´Ì¬,8900.91,75013.56,0.02,0.77,10
HT100008,ÖÆÈÈ×´Ì¬,8900.89,75012.79,6.06,74.69,2726
HT100008,³ýËª×´Ì¬,8894.83,74938.1,0.1,-1.33,120
HT100008,ÖÆÈÈ×´Ì¬,8894.73,74939.43,332.48,3829.98,134670
HT100008,´ý»ú×´Ì¬,8562.25,71109.45,0.65,0.99,27830
HT100008,ÖÆÈÈ×´Ì¬,8561.6,71108.46,6.02,73.19,2275
HT100008,³ýËª×´Ì¬,8555.58,71035.27,0.4,-3.84,312
HT100008,ÖÆÈÈ×´Ì¬,8555.18,71039.11,6.76,82.28,2676
HT100008,´ý»ú×´Ì¬,8548.42,70956.83,0.22,0.4,8928
HT100008,³ýËª×´Ì¬,8548.2,70956.43,0,0,10
HT100008,ÖÆÈÈ×´Ì¬,8548.2,70956.43,4.22,53.38,1743
HT100008,´ý»ú×´Ì¬,8543.98,70903.05,0.23,0.22,9649
HT100008,³ýËª×´Ì¬,8543.75,70902.83,0,0,9
HT100008,ÖÆÈÈ×´Ì¬,8543.75,70902.83,7.44,97.74,2949
HT100008,´ý»ú×´Ì¬,8536.31,70805.09,0.63,0.29,28367
HT100008,³ýËª×´Ì¬,8535.68,70804.8,0,0,10
HT100008,ÖÆÈÈ×´Ì¬,8535.68,70804.8,109.14,1570.98,41808
HT100008,´ý»ú×´Ì¬,8426.54,69233.82,2.1,1.53,146756
HT100008,ÖÆÈÈ×´Ì¬,8424.44,69232.29,64.99,1003.48,26340
HT100008,´ý»ú×´Ì¬,8359.45,68228.81,2.1,0.46,139748
HT100008,ÖÆÈÈ×´Ì¬,8357.35,68228.35,14.23,194.57,5640
HT100008,´ý»ú×´Ì¬,8343.12,68033.78,1.17,0.08,76825
HT100008,³ýËª×´Ì¬,8341.95,68033.7,0,0.73,10
HT100008,ÖÆÈÈ×´Ì¬,8341.95,68032.97,45.37,665.46,18618
HT100008,´ý»ú×´Ì¬,8296.58,67367.51,2.16,1.42,145603
HT100008,ÖÆÈÈ×´Ì¬,8294.42,67366.09,236.13,3404.22,96479
HT100008,´ý»ú×´Ì¬,8058.29,63961.87,2.35,0.59,109724
HT100008,ÖÆÈÈ×´Ì¬,8055.94,63961.28,33.59,456.89,14040
HT100008,´ý»ú×´Ì¬,8022.35,63504.39,1.31,0.6,61847
HT100008,³ýËª×´Ì¬,8021.04,63503.79,0,0,10
HT100008,ÖÆÈÈ×´Ì¬,8021.04,63503.79,20.36,268.64,8409
HT100008,´ý»ú×´Ì¬,8000.68,63235.15,0.25,0.72,9785
HT100008,ÖÆÈÈ×´Ì¬,8000.43,63234.43,19.29,249.61,8035
HT100008,³ýËª×´Ì¬,7981.14,62984.82,0.44,-4.75,363
HT100008,ÖÆÈÈ×´Ì¬,7980.7,62989.57,31.1,377.42,12882
HT100008,³ýËª×´Ì¬,7949.6,62612.15,0.49,-3.14,432
HT100008,ÖÆÈÈ×´Ì¬,7949.11,62615.29,33.28,406.03,13835
HT100008,´ý»ú×´Ì¬,7915.83,62209.26,1.18,0.37,46623
HT100008,ÖÆÈÈ×´Ì¬,7914.65,62208.89,5.36,63.64,2275
HT100008,³ýËª×´Ì¬,7909.29,62145.25,0.31,-3.17,257
HT100008,ÖÆÈÈ×´Ì¬,7908.98,62148.42,16.68,202.79,7113
HT100008,³ýËª×´Ì¬,7892.3,61945.63,0.55,-3.1,468
HT100008,ÖÆÈÈ×´Ì¬,7891.75,61948.73,81.07,813.37,30194
HT100008,³ýËª×´Ì¬,7810.68,61135.36,0.43,-1.82,469
HT100008,ÖÆÈÈ×´Ì¬,7810.25,61137.18,17.84,154.89,6578
HT100008,´ý»ú×´Ì¬,7792.41,60982.29,0.95,0.5,37503
HT100008,ÖÆÈÈ×´Ì¬,7791.46,60981.79,48.72,390.92,18716
HT100008,³ýËª×´Ì¬,7742.74,60590.87,0.44,-2.73,478
HT100008,ÖÆÈÈ×´Ì¬,7742.3,60593.6,24.87,183.87,9971
HT100008,³ýËª×´Ì¬,7717.43,60409.73,0.46,-3.41,478
HT100008,ÖÆÈÈ×´Ì¬,7716.97,60413.14,18.62,132.89,7472
HT100008,³ýËª×´Ì¬,7698.35,60280.25,0.41,-2.79,469
HT100008,ÖÆÈÈ×´Ì¬,7697.94,60283.04,2.33,15.69,1087
HT100008,´ý»ú×´Ì¬,7695.61,60267.35,0.37,0.63,11584
HT100008,ÖÆÈÈ×´Ì¬,7695.24,60266.72,14.61,108.18,5876
HT100008,³ýËª×´Ì¬,7680.63,60158.54,0.47,-4.05,478
HT100008,ÖÆÈÈ×´Ì¬,7680.16,60162.59,13.67,104.19,5663
HT100008,³ýËª×´Ì¬,7666.49,60058.4,0.45,-3.06,478
HT100008,ÖÆÈÈ×´Ì¬,7666.04,60061.46,11.24,84.32,4632
HT100008,³ýËª×´Ì¬,7654.8,59977.14,0.45,-2.39,484
HT100008,ÖÆÈÈ×´Ì¬,7654.35,59979.53,11.15,80.49,4440
HT100008,³ýËª×´Ì¬,7643.2,59899.04,0.47,-2.75,469
HT100008,ÖÆÈÈ×´Ì¬,7642.73,59901.79,5.64,40.42,2393
HT100008,´ý»ú×´Ì¬,7637.09,59861.37,0,0,5
HT100008,¹ÊÕÏ×´Ì¬,7637.09,59861.37,0.01,0,65
HT100008,ÖÆÈÈ×´Ì¬,7637.08,59861.37,0,0,52
HT100008,´ý»ú×´Ì¬,7637.08,59861.37,0.29,0.44,10624
HT100008,ÖÆÈÈ×´Ì¬,7636.79,59860.93,5.32,47.77,2276
HT100008,³ýËª×´Ì¬,7631.47,59813.16,0.45,-4.89,478
HT100008,ÖÆÈÈ×´Ì¬,7631.02,59818.05,6.75,57.22,2921
HT100008,³ýËª×´Ì¬,7624.27,59760.83,0.41,-3.45,469
HT100008,ÖÆÈÈ×´Ì¬,7623.86,59764.28,0.91,7.35,487
HT100008,´ý»ú×´Ì¬,7622.95,59756.93,0.24,0.33,8944
HT100008,ÖÆÈÈ×´Ì¬,7622.71,59756.6,10.82,97.15,4316
HT100008,³ýËª×´Ì¬,7611.89,59659.45,0.5,-3.97,433
HT100008,ÖÆÈÈ×´Ì¬,7611.39,59663.42,7.58,79.75,3325
HT100008,´ý»ú×´Ì¬,7603.81,59583.67,0.36,1.07,99383
HT100008,ÖÆÈÈ×´Ì¬,7603.45,59582.6,56.79,793.6,24900
HT100008,´ý»ú×´Ì¬,7546.66,58789,1.03,0.68,143477
HT100008,ÖÆÈÈ×´Ì¬,7545.63,58788.32,75,1012.69,31680
HT100008,´ý»ú×´Ì¬,7470.63,57775.63,2.5,0.75,122822
HT100008,ÖÆÈÈ×´Ì¬,7468.13,57774.88,32.2,408.99,13704
HT100008,´ý»ú×´Ì¬,7435.93,57365.89,2.92,1.23,137102
HT100008,ÖÆÈÈ×´Ì¬,7433.01,57364.66,45.63,646.61,19200
HT100008,´ý»ú×´Ì¬,7387.38,56718.05,0.26,0.4,11589
HT100008,³ýËª×´Ì¬,7387.12,56717.65,0.03,0,12
HT100008,ÖÆÈÈ×´Ì¬,7387.09,56717.65,17.5,240.72,7547
HT100008,´ý»ú×´Ì¬,7369.59,56476.93,2.82,0.59,134447
HT100008,³ýËª×´Ì¬,7366.77,56476.34,0,0,11
HT100008,ÖÆÈÈ×´Ì¬,7366.77,56476.34,57.21,793.68,23582
HT100008,´ý»ú×´Ì¬,7309.56,55682.66,2.29,1.18,105423
HT100008,ÖÆÈÈ×´Ì¬,7307.27,55681.48,63.07,875.55,26279
HT100008,´ý»ú×´Ì¬,7244.2,54805.93,1.8,1.13,83704
HT100008,ÖÆÈÈ×´Ì¬,7242.4,54804.8,10.74,149.33,4560
HT100008,´ý»ú×´Ì¬,7231.66,54655.47,3.76,1.26,179100
HT100008,ÖÆÈÈ×´Ì¬,7227.9,54654.21,62.16,865.45,26040
HT100008,´ý»ú×´Ì¬,7165.74,53788.76,1.63,1.1,76263
HT100008,ÖÆÈÈ×´Ì¬,7164.11,53787.66,49.66,659.66,19920
HT100008,´ý»ú×´Ì¬,7114.45,53128,1.1,0.06,52074
HT100008,ÖÆÈÈ×´Ì¬,7113.35,53127.94,68.75,912.67,27719
HT100008,´ý»ú×´Ì¬,7044.6,52215.27,1.85,0.82,85023
HT100008,ÖÆÈÈ×´Ì¬,7042.75,52214.45,6.79,80.12,2760
HT100008,´ý»ú×´Ì¬,7035.96,52134.33,0.35,0.89,15541
HT100008,³ýËª×´Ì¬,7035.61,52133.44,0,0,5
HT100008,ÖÆÈÈ×´Ì¬,7035.61,52133.44,10.98,132.23,4435
HT100008,´ý»ú×´Ì¬,7024.63,52001.21,0.31,0.33,13490
HT100008,³ýËª×´Ì¬,7024.32,52000.88,0.05,0,10
HT100008,ÖÆÈÈ×´Ì¬,7024.27,52000.88,13.94,167,5482
HT100008,´ý»ú×´Ì¬,7010.33,51833.88,0.74,0.41,34248
HT100008,³ýËª×´Ì¬,7009.59,51833.47,0,0,11
HT100008,ÖÆÈÈ×´Ì¬,7009.59,51833.47,22.42,275.8,8993
HT100008,´ý»ú×´Ì¬,6987.17,51557.67,0.29,0.18,13009
HT100008,³ýËª×´Ì¬,6986.88,51557.49,0,0.76,11
HT100008,ÖÆÈÈ×´Ì¬,6986.88,51556.73,6.6,70.19,2794
HT100008,´ý»ú×´Ì¬,6980.28,51486.54,0.19,0.23,7249
HT100008,³ýËª×´Ì¬,6980.09,51486.31,0,0,11
HT100008,ÖÆÈÈ×´Ì¬,6980.09,51486.31,6.27,68.66,2665
HT100008,´ý»ú×´Ì¬,6973.82,51417.65,0.22,0.64,9409
HT100008,³ýËª×´Ì¬,6973.6,51417.01,0.03,0,11
HT100008,ÖÆÈÈ×´Ì¬,6973.57,51417.01,9.29,111.01,3886
HT100008,´ý»ú×´Ì¬,6964.28,51306,0.48,-0.09,21419
HT100008,³ýËª×´Ì¬,6963.8,51306.09,0,0,11
HT100008,ÖÆÈÈ×´Ì¬,6963.8,51306.09,61.95,774.41,24208
HT100008,´ý»ú×´Ì¬,6901.85,50531.68,0.29,0.07,10970
HT100008,³ýËª×´Ì¬,6901.56,50531.61,0,0.68,10
HT100008,ÖÆÈÈ×´Ì¬,6901.56,50530.93,13.75,164.24,5323
HT100008,´ý»ú×´Ì¬,6887.81,50366.69,0.36,0.61,13265
HT100008,ÖÆÈÈ×´Ì¬,6887.45,50366.08,2.83,34.48,1200
HT100008,´ý»ú×´Ì¬,6884.62,50331.6,0.26,0.37,8225
HT100008,ÖÆÈÈ×´Ì¬,6884.36,50331.23,80.8,1079.28,32763
HT100008,´ý»ú×´Ì¬,6803.56,49251.95,4.14,0.42,165301
HT100008,ÖÆÈÈ×´Ì¬,6799.42,49251.53,62.82,788.37,24842
HT100008,´ý»ú×´Ì¬,6736.6,48463.16,1.56,0.32,61624
HT100008,ÖÆÈÈ×´Ì¬,6735.04,48462.84,11.44,169.84,6241
HT100008,´ý»ú×´Ì¬,6723.6,48293,,,1174538
